,Model,Accuracy
4,XGBoost,0.9047619047619048
3,Random Forest,0.7619047619047619
1,Logistic Regression,0.7142857142857143
2,SVM,0.7142857142857143
0,Naive Bayes,0.42857142857142855
